Message 1: From gwhiz@ivy.isc.com Fri Mar  6 16:24:05 1992
Message 2: From andy@ivy.isc.com Thu Jan 14 19:00:41 1993
Message 3: From brentb@montagne Thu Feb  4 09:38 PST 1993
Message 4: From hartzell@postgres.Berkeley.EDU Thu Feb  4 08:52:00 1993
Message 5: From vickyc@mandota Fri Feb  5 14:59 PST 1993
Message 6: From kkt Fri Feb  5 14:33:08 1993
Message 7: From loa@rayado Tue Feb 23 15:15 PST 1993
Message 8: From @PUCC.PRINCETON.EDU:ACTIV-L@MIZZOU1.BITNET Tue Feb 23 15:13 PST 1993
Message 9: From loa@rayado Fri Feb 26 16:59 PST 1993
Message 10: From tnguyen@hmsi.hitachi.com Fri Feb 26 16:59 PST 1993
Message 11: From psayers@ixtech Mon Apr 12 15:55 PDT 1993
Message 12: From g-man@flowzone Wed Apr 14 14:05 PDT 1993
Message 13: From tarbox!gregta@i88.isc.com Wed Apr 14 15:07 PDT 1993
Message 14: From dougr Thu Apr 22 19:05:37 1993
Message 15: From loa@rayado Thu Apr 22 17:42 PDT 1993
Message 16: From ra@morale Thu Apr 22 17:39 PDT 1993
Message 17: From mjb@icestation Tue Apr 27 23:35 PDT 1993
Message 18: From psayers@ixtech Wed Apr 28 10:51 PDT 1993
Message 19: From ccomley@cix.compulink.co.uk Wed Apr 28 03:53 PDT 1993
Message 20: From psayers@ixtech Wed Apr 28 10:53 PDT 1993
Message 21: From @UCCVMA.UCOP.EDU:TBMUC@UCCMVSA.BITNET Wed Apr 28 08:54 PDT 1993
Message 22: From toone@looney Mon May 17 18:55 PDT 1993
Message 23: From srs Mon May 17 16:32 PDT 1993
Message 24: From andrewm@bodyglove Wed May 19 14:05 PDT 1993
Message 25: From psayers@ixtech Mon May 24 16:44 PDT 1993
Message 26: From brentb@montagne Tue May 25 11:58 PDT 1993
Message 27: From hamilton@artemis Tue May 25 14:37 PDT 1993
Message 28: From Kathleen.Dewitt-Anderson@EBay Tue May 25 14:31:10 1993
Message 29: From brentb@montagne Thu May 27 09:54 PDT 1993
Message 30: From andrewm@bodyglove Tue Jun  1 13:52 PDT 1993
Message 31: From welch@xcf.Berkeley.EDU Tue Jun  1 13:45 PDT 1993
Message 32: From nannette@canrith Tue Jun  1 16:06 PDT 1993
Message 33: From brentb@montagne Fri Jun 18 13:12 PDT 1993
Message 34: From evi@bruno.cs.colorado.edu Fri Jun 18 02:25 PDT 1993
Message 35: From barb@locutus.cs.colorado.edu Wed Jun  9 15:56:43 1993
Message 36: From brentb@montagne Fri Jun 18 13:12 PDT 1993
Message 37: From evi@bruno.cs.colorado.edu Fri Jun 18 02:25 PDT 1993
Message 38: From barb@locutus.cs.colorado.edu Wed Jun  9 15:56:43 1993
Message 39: From andys@gila Thu Jun 24 15:33 PDT 1993
Message 40: From Jennifer.Overholt@Corp Thu Jun 24 15:18 PDT 1993
Message 41: From deeanna@harry Wed Jun 23 11:04:20 1993
Message 42: From billyg@lahonda Mon Jun 28 10:34 PDT 1993
Message 43: From dlp@zule Mon Jun 28 10:43 PDT 1993
Message 44: From dougr@pitts  Mon Jun 28 10:41:42 1993
Message 45: From mjb@icestation Mon Jun 28 14:31 PDT 1993
Message 46: From andrewm@bodyglove Thu Jul  1 16:01 PDT 1993
Message 47: From jonw@austin.ibm.com Thu Jul  1 14:31 PDT 1993
Message 48: From loalvare@us.oracle.com Tue Jul 13 15:56 PDT 1993
Message 49: From guyot@dog Fri Jul 30 10:30 PDT 1993
Message 50: From rivers@westend Fri Jul 30 16:26 PDT 1993
Message 51: From vickyc@mandota Mon Aug  2 11:30 PDT 1993
Message 52: From guyot@dog Thu Aug  5 15:21 PDT 1993
Message 53: From guyot@dog Fri Aug  6 15:56 PDT 1993
Message 54: From toone@looney Fri Aug 20 18:54 PDT 1993
Message 55: From andrewm@bodyglove Tue Aug 24 09:42 PDT 1993
Message 56: From ALLIGOOD.R@AppleLink.Apple.COM Tue Aug 24 09:36 PDT 1993
Message 57: From vickyc@mandota Fri Aug 27 17:05 PDT 1993
Message 58: From richb@stard Tue Aug 31 13:42 PDT 1993
Message 59: From rbogen@dreams Fri Sep  3 11:07 PDT 1993
Message 60: From gsvan@ramjet  Fri Sep  3 10:17:02 1993
Message 61: From andrewm@bodyglove Tue Sep  7 17:08 PDT 1993
Message 62: From toone@looney Wed Sep  8 08:52 PDT 1993
Message 63: From richb@stard Fri Sep 10 09:14 PDT 1993
Message 64: From lau@vision Mon Sep 13 12:31 PDT 1993
Message 65: From hagan@earthrise Mon Sep 13 14:49 PDT 1993
Message 66: From loalvare@us.oracle.com Mon Sep 13 15:28 PDT 1993
Message 67: From mcapucci@piacenza Fri Sep 17 15:26 PDT 1993
Message 68: From toone@looney Fri Sep 24 14:44 PDT 1993
Message 69: From ytso@totoro Fri Sep 24 14:28 PDT 1993
Message 70: From andrewm@bodyglove Mon Oct  4 08:30 PDT 1993
Message 71: From mjb@icestation Wed Oct  6 17:38 PDT 1993
Message 72: From welch@watchtower.Berkeley.EDU Fri Oct 15 02:19 PDT 1993
Message 73: From andrewm@bodyglove Thu Oct 28 12:49 PDT 1993
Message 74: From hagan@earthrise Tue Nov  2 12:59 PST 1993
Message 75: From bhc@gerlach Wed Nov 10 17:22 PST 1993
Message 76: From <a friend of mine at Microsoft>@microsoft.com Wed Nov 10 17:03 PST 1993
Message 77: From isaacs@sourdough Sat Nov 13 16:53 PST 1993
Message 78: From lau@vision Tue Nov 16 11:28 PST 1993
Message 79: From andys@gila Wed Nov 17 13:30 PST 1993
Message 80: From 70374.1114@CompuServe.COM Mon Nov 22 22:39 PST 1993
Message 81: From andrewm@bodyglove Wed Dec  1 14:24 PST 1993
Message 82: From dlp@zule Thu Dec  2 12:56 PST 1993
Message 83: From brentb@montagne Tue Dec  7 11:32 PST 1993
Message 84: From andrewm@bodyglove Wed Dec  8 13:47 PST 1993
Message 85: From ericni@midniteoil Fri Dec 10 15:54 PST 1993
Message 86: From nolan@looney Sun Dec 12 19:39 PST 1993
Message 87: From Matt.Koehler@East Mon Dec 13 07:35 PST 1993
Message 88: From bevg@greenberet Mon Dec 13 09:19 EST 1993
Message 89: From brentb@montagne Mon Dec 13 10:27 PST 1993
Message 90: From isaacs@sourdough Tue Dec 14 11:23 PST 1993
Message 91: From hagan@earthrise Tue Dec 14 14:55 PST 1993
Message 92: From andrewm@bodyglove Thu Dec 16 08:18 PST 1993
Message 93: From Dan.Farmer@Corp Thu Dec 16 00:46 PST 1993
Message 94: From rivers@westend Fri Dec 17 12:04 PST 1993
Message 95: From rivers@westend Fri Dec 17 12:04 PST 1993
Message 96: From andrewm@bodyglove Wed Dec 22 17:15 PST 1993
Message 97: From andrewm@bodyglove Tue Feb  1 16:36 PST 1994
Message 98: From susser@apple.com Tue Feb  1 16:31 PST 1994
Message 99: From andrewm@bodyglove Tue Feb 15 17:07 PST 1994
Message 100: From ericni@midniteoil Thu Feb 24 09:02 PST 1994
Message 101: From choochoo@legolas.stanford.edu Thu Feb 24 06:28 PST 1994
Message 102: From mullet@macmed.macromedia.com Fri Mar  4 15:28 PST 1994
Message 103: From ashlund@netcom.com  Wed Mar  2 19:07:33 1994
Message 104: From specsol!jimp@netcom.com Fri Mar 11 10:39 PST 1994
Message 105: From kateh@fijiroom Fri Mar 11 10:50 PST 1994
Message 106: From kateh@fijiroom Tue Mar 15 10:09 PST 1994
Message 107: From brentb@montagne Wed Mar 16 09:06 PST 1994
Message 108: From lizb@peradam.cs.colorado.edu Wed Mar 16 08:05 PST 1994
Message 109: From todd@flux Mon Mar 21 16:30 PST 1994
Message 110: From kateh@fijiroom Tue Mar 22 15:20 PST 1994
Message 111: From kasso@aha Thu Mar 24 16:56 PST 1994
Message 112: From brentb@montagne Mon Mar 28 15:20 PST 1994
Message 113: From tumbleweed@aurora.East Fri Apr  1 09:01 PST 1994
Message 114: From Skip.Geckeler@East Fri Apr  1 13:20 PST 1994
Message 115: From ericvb@logrus Fri Apr  1 16:12 PST 1994
Message 116: From bharat@shadow Fri Apr  1 15:57 PST 1994
Message 117: From specsol!jimp@netcom.com Sun Apr 17 15:52 PDT 1994
Message 118: From andrewm@bodyglove Mon Apr 25 08:37 PDT 1994
Message 119: From andrewm@bodyglove Mon Apr 25 14:25 PDT 1994
Message 120: From bhc@gerlach Wed Apr 27 21:02 PDT 1994
Message 121: From kateh@fijiroom Fri Apr 29 09:19 PDT 1994
Message 122: From kateh@fijiroom Mon May  2 09:50 PDT 1994
Message 123: From andrewm@bodyglove Tue May  3 10:22 PDT 1994
Message 124: From todd@flux Wed May  4 11:29 PDT 1994
Message 125: From ericni@midniteoil Sun May  8 18:34 PDT 1994
Message 126: From vickyc@mandota Mon May  9 15:52 PDT 1994
Message 127: From vickyc@mandota Mon May 23 13:33 PDT 1994
Message 128: From jffowler@netjam Wed May 25 03:28 PDT 1994
Message 129: From andrewm@bodyglove Fri May 27 08:47 PDT 1994
Message 130: From 70374.1114@CompuServe.COM Tue May 31 22:06 PDT 1994
Message 131: From 70374.1114@CompuServe.COM Thu Jun  2 21:29 PDT 1994
Message 132: From 70374.1114@CompuServe.COM Mon Jun  6 22:29 PDT 1994
Message 133: From toone@looney Tue Jun  7 12:38 PDT 1994
Message 134: From toga@saki Thu Jun  9 13:42 PDT 1994
Message 135: From page@swap Fri Dec  3 15:01:53 1993
Message 136: From richb@stard Thu Jun 16 13:15 PDT 1994
Message 137: From sunaus.oz!softway!chris Sat Oct 28 22:20:39 EST 1989
Message 138: From brentb@montagne Fri Jun 17 17:54 PDT 1994
Message 139: From lizb@peradam.cs.colorado.edu Fri Jun 17 13:38 PDT 1994
Message 140: From gwhiz@tho.shl.com Wed Jun 22 10:16 PDT 1994
Message 141: From guyot@dog Wed Jun 22 10:48 PDT 1994
Message 142: From loalvare@us.oracle.com Wed Jun 22 13:21 PDT 1994
Message 143: From John.Pope@Eng.Sun.COM Wed Jun 22 13:11:27 1994
Message 144: From mjb@icestation Thu Jun 23 14:22 PDT 1994
Message 145: From mjb@icestation Fri Jun 24 10:57 PDT 1994
Message 146: From jffowler@netjam Fri Jun 24 11:17 PDT 1994
Message 147: From andrewm@bodyglove Wed Jun 29 07:15 PDT 1994
Message 148: From kateh@fijiroom Wed Jun 29 10:40 PDT 1994
Message 149: From ericvb@logrus Wed Jun 29 16:18 PDT 1994
Message 150: From jfunson@vanda Thu Jun 30 08:41 PDT 1994
Message 151: From loalvare@us.oracle.com Thu Jul  7 14:44 PDT 1994
Message 152: From John.Pope@Eng.Sun.COM Thu Jul  7 13:46:00 1994
Message 153: From richb@stard Tue Jul 19 09:02 PDT 1994
Message 154: From lau@vision Tue Jul 19 09:59 PDT 1994
Message 155: From andrewm@bodyglove Tue Jul 26 15:54 PDT 1994
Message 156: From welch@z-code.com Tue Jul 26 15:35 PDT 1994
Message 157: From kateh@jupiter40 Wed Jul 27 11:40 PDT 1994
Message 158: From brentb@montagne Wed Jul 27 16:01 PDT 1994
Message 159: From toga@saki Thu Jul 28 14:12 PDT 1994
Message 160: From 70374.1114@compuserve.com Thu Aug  4 21:17 PDT 1994
Message 161: From lau@vision Fri Aug  5 16:19 PDT 1994
Message 162: From loalvare@us.oracle.com Mon Aug  8 14:28 PDT 1994
Message 163: From John.Pope@Eng.Sun.COM Mon Aug  8 14:26:09 1994
Message 164: From brentb@montagne Fri Aug 12 14:55 PDT 1994
Message 165: From hartzell@postgres.Berkeley.EDU Thu Aug 11 21:19 PDT 1994
Message 166: From brentb@montagne Thu Aug 18 08:58 PDT 1994
Message 167: From andrewm@bodyglove Thu Aug 18 13:38 PDT 1994
Message 168: From guyot@dog Thu Aug 18 16:24 PDT 1994
Message 169: From brentb@montagne Mon Aug 22 15:50 PDT 1994
Message 170: From ericvb@logrus Mon Aug 22 18:48 PDT 1994
Message 171: From kasso@aha Wed Aug 24 16:03 PDT 1994
Message 172: From toone@looney Wed Aug 31 13:10 PDT 1994
Message 173: From melissab@melby Wed Aug 31 12:29 PDT 1994
Message 174: From vickyc@mandota Tue Sep 20 13:12 PDT 1994
Message 175: From brentb@montagne Mon Oct  3 15:39 PDT 1994
Message 176: From brentb@montagne Wed Oct 12 10:22 PDT 1994
Message 177: From loalvare@us.oracle.com Wed Oct 12 14:19 PDT 1994
Message 178: From John.Pope@Eng.Sun.COM Wed Oct 12 13:49:38 1994
Message 179: From loalvare@us.oracle.com Wed Oct 12 14:19 PDT 1994
Message 180: From John.Pope@Eng.Sun.COM Wed Oct 12 13:49:52 1994
Message 181: From dougr@pitts Wed Oct 12 14:31 PDT 1994
Message 182: From John.Pope@Eng.Sun.COM Wed Oct 12 13:49:38 1994
Message 183: From loalvare@us.oracle.com Thu Oct 13 14:29 PDT 1994
Message 184: From DSTOWELL@us Thu Oct 13 14:24:16 1994
Message 185: From dougr@pitts Thu Oct 13 15:23 PDT 1994
Message 186: From specsol!jimp@netcom.com Thu Oct 20 22:49 PDT 1994
Message 187: From toone@looney Mon Oct 24 10:36 PDT 1994
Message 188: From str@maredsous Mon Oct 24 13:08 PDT 1994
Message 189: From chapman@centerline.com Mon Oct 24 11:52 PDT 1994
Message 190: From cdurst Mon Oct 24 14:38:03 1994
Message 191: From loalvare@us.oracle.com Tue Oct 25 15:34 PDT 1994
Message 192: From Kimberly.Mar@Corp.Sun.COM Tue Oct 25 15:30:01 1994
Message 193: From vickyc@mandota Tue Oct 25 17:38 PDT 1994
Message 194: From rja@batcomfs Thu Oct 27 10:20 PDT 1994
Message 195: From loalvare@us.oracle.com Tue Nov  1 18:09 PST 1994
Message 196: From John.Pope@Eng.Sun.COM Tue Nov  1 12:06:15 1994
Message 197: From brentb@montagne Wed Nov  2 09:41 PST 1994
Message 198: From lau@vision Fri Nov  4 14:46 PST 1994
Message 199: From Wayne.Thompson@EBay Fri Nov  4 13:34 PST 1994
Message 200: From uhlir@cici Mon Nov  7 16:28 PST 1994
Message 201: From mache@updoc-37 Mon Nov  7 15:53 PST 1994
Message 202: From rja@batcomfs Mon Nov  7 16:54 PST 1994
Message 203: From elvis@swim2birds Thu Nov 17 14:35 PST 1994
Message 204: From rja@batcomfs Thu Nov 17 15:19 PST 1994
Message 205: From rja@batcomfs Tue Nov 22 17:45 PST 1994
Message 206: From loalvare@us.oracle.com Mon Nov 28 11:56 PST 1994
Message 207: From John.Pope@Eng.Sun.COM Mon Nov 28 11:13:47 1994
Message 208: From loalvare@us.oracle.com Mon Nov 28 15:10 PST 1994
Message 209: From John.Pope@Eng.Sun.COM Mon Nov 28 14:22:49 1994
Message 210: From brentb@montagne Tue Nov 29 11:50 PST 1994
Message 211: From loalvare@us.oracle.com Thu Dec  1 14:09 PST 1994
Message 212: From Perry.Cross@Eng.Sun.COM Thu Dec  1 14:03:48 1994
Message 213: From lau@vision Fri Dec  2 15:15 PST 1994
Message 214: From rja@batcomfs Tue Dec  6 14:03 PST 1994
Message 215: From ericni@midniteoil Tue Dec  6 14:06 PST 1994
Message 216: From merlyn@summit.novell.com Tue Dec  6 14:08 PST 1994
Message 217: From loalvare@us.oracle.com Wed Dec  7 14:35 PST 1994
Message 218: From Joel.Tornatore@Eng.Sun.COM Wed Dec  7 14:32:24 1994
Message 219: From rja@batcomfs Wed Dec  7 15:08 PST 1994
Message 220: From sandig@yoyo Fri Dec  9 15:10 PST 1994
Message 221: From ericni@midniteoil Fri Dec  9 15:12 PST 1994
Message 222: From rja@batcomfs Fri Dec  9 15:51 PST 1994
Message 223: From rja@batcomfs Fri Dec  9 15:51 PST 1994
Message 224: From vickyc@mandota Fri Dec  9 17:32 PST 1994
Message 225: From toone@looney Tue Dec 13 15:52 PST 1994
Message 226: From melissab@melby Tue Dec 13 11:45 PST 1994
Message 227: From toone@looney Tue Dec 13 15:52 PST 1994
Message 228: From smarks@trantor Wed Dec 21 17:16 PST 1994
Message 229: From gsalem@swallow-218 Tue Jan  3 17:46 PST 1995
Message 230: From toga@saki Fri Jan  6 16:05 PST 1995
Message 231: From mvd@ubik Fri Jan  6 11:39 PST 1995
Message 232: From stafford@hpwary.an.hp.com Fri Jan  6 05:37 PST 1995
Message 233: From ericvb@logrus Tue Jan 17 20:14 PST 1995
Message 234: From loalvare@us.oracle.com Thu Jan 19 10:34 PST 1995
Message 235: From bickford@cloud9.Eng.Sun.COM Tue Jan 10 18:02:55 1995
Message 236: From gsalem@aviary Thu Jan 19 13:52 PST 1995
Message 237: From vickyc@mandota Mon Jan 30 12:58 PST 1995
Message 238: From dougr Sat Feb  4 23:04:30 1995
Message 239: From rja@batcomfs Fri Feb 10 11:30:50 1995
Message 240: From loalvare@us.oracle.com Mon Feb 13 17:17:11 1995
Message 241: From dow@dvts.com Mon Feb 13 17:15:29 1995
Message 242: From gsalem@aviary Tue Feb 14 09:26:27 1995
Message 243: From mjb@icestation Thu Feb 16 09:05:04 1995
Message 244: From jamison@hobbes Tue Feb 14 10:40 PST 1995
Message 245: From blatt@basilisk  Fri Feb 10 10:21:22 1995
Message 246: From kateh@mufasa Tue Feb 21 09:02:35 1995
Message 247: From loalvare@us.oracle.com Tue Feb 21 11:06:40 1995
Message 248: From John.Pope@Eng.Sun.COM Tue Feb 21 10:00:43 1995
Message 249: From loalvare@us.oracle.com Tue Feb 21 14:56:53 1995
Message 250: From John.Pope@Eng.Sun.COM Tue Feb 21 12:15:06 1995
Message 251: From 70374.1114@compuserve.com Wed Feb 22 08:11:55 1995
Message 252: From andrewm@splash.net Mon Feb 27 16:56:54 1995
Message 253: From loalvare@us.oracle.com Mon Feb 27 18:05:58 1995
Message 254: From John.Pope@Eng.Sun.COM Fri Feb 24 23:27:44 1995
Message 255: From arcie@netcom.com Tue Feb 28 12:28:31 1995
Message 256: From toga@jans Wed Mar  1 00:46:14 1995
Message 257: From mvd@ubik Fri Feb 24 14:30 PST 1995
Message 258: From mjb@icestation Wed Mar  1 07:08:47 1995
Message 259: From jamison@hobbes Tue Feb 28 22:59 PST 1995
Message 260: From pitargue@cisco.com  Tue Feb 28 22:53:02 1995
Message 261: From dougr@pitts Wed Mar  1 14:15:55 1995
Message 262: From andrewm@splash.net Tue Feb 21 17:31:01 1995
Message 263: From ericvb@logrus Thu Mar  2 21:20:23 1995
Message 264: From loalvare@us.oracle.com Mon Feb  6 19:38:03 1995
Message 265: From mjacob@feral.COM Sat Feb  4 01:05:30 1995
Message 266: From rja@batcomfs Tue Mar  7 16:33:01 1995
Message 267: From dougr@pitts Wed Mar  8 16:05:02 1995
Message 268: From leo@netscape.com Mon Mar 20 16:00:23 1995
Message 269: From kateh@mufasa Thu Mar 23 12:05:53 1995
Message 270: From smarks@trantor Thu Mar 23 10:26:35 1995
Message 271: From arcie@netcom.com Sat Mar 18 13:50:48 1995
Message 272: From leo@netscape.com Fri Mar 24 11:38:52 1995
Message 273: From quinn@basilisk Fri Mar 24 14:09:58 1995
Message 274: From arrasjid@netcom.com Fri Mar 24 09:44 PST 1995
Message 275: From warden@sunquenting.Sun.COM Fri Mar 31 10:02:53 1995
Message 276: From warden@sunquenting.Sun.COM Fri Mar 31 10:17:44 1995
Message 277: From warden@sunquentin.Sun.COM Fri Mar 31 10:42:45 1995
Message 278: From kateh@mufasa Thu Apr  6 11:33:02 1995
Message 279: From leo@netscape.com Fri Apr  7 12:26:03 1995
Message 280: From leo@netscape.com Mon Apr 10 13:39:18 1995
Message 281: From brentb@montagne Wed Apr 12 17:44:33 1995
Message 282: From leo@netscape.com Thu Apr 20 14:21:14 1995
Message 283: From holtz@netcord Thu Apr 20 16:47:19 1995
Message 284: From rja@batcomfs Thu Apr 27 15:29:15 1995
Message 285: From jimp@specsol.com Thu May 25 22:08:35 1995
Message 286: From leo@iapp14.mcom.com Thu Jun  1 13:42:54 1995
Message 287: From John.Pope@Eng.Sun.COM Wed May 31 17:30 PDT 1995
Message 288: From vickyc@mandota Tue Jun  6 13:57:06 1995
Message 289: From bfreeman@bungi Tue Jun  6 16:08:28 1995
Message 290: From hagan@netscape.com  Tue Jun 13 15:38:56 1995
Message 291: From rja@batcomfs  Wed Jun 14 12:51:27 1995
Message 292: From isaacs@sourdough  Wed Jun 14 12:55:12 1995
Message 293: From gsalem@dahlgren  Mon Jun 12 16:12:27 1995
Message 294: From guyot@dog  Mon Jun 12 11:10:06 1995
Message 295: From bhc@scruznet.com  Thu Jun 15 05:29:58 1995
Message 296: From toga@saki  Thu Jun 15 14:52:54 1995
Message 297: From rja@batcomfs  Thu Jun 15 11:36:47 1995
Message 298: From ericvb@logrus Thu Apr 27 10:36:47 1995
Message 299: From rja@batcomfs Wed Apr 12 15:28:26 1995
Message 300: From leo@iapp14.mcom.com  Mon Jun 19 15:33:04 1995
Message 301: From leo@iapp14.mcom.com  Thu Jun 22 14:04:27 1995
Message 302: From ericvb@logrus  Wed Jun 21 17:15:28 1995
Message 303: From mjb@icestation  Tue Jun 20 09:07:35 1995
Message 304: From 70374.1114@compuserve.com  Mon Jun 19 22:28:19 1995
Message 305: From leo@iapp14.mcom.com  Mon Jun 19 12:12:03 1995
Message 306: From John.Pope@Eng.Sun.COM Mon Jun 19 10:56 PDT 1995
Message 307: From andrewm@splash.net  Wed Jun 28 18:41:15 1995
Message 308: From leo@iapp14.mcom.com  Thu Jun 29 10:51:33 1995
Message 309: From owner-chile-l@UTARLVM1.UTA.EDU Thu Jun 29 05:33 PDT 1995
Message 310: From leo@iapp14.mcom.com  Thu Jun 29 11:45:49 1995
Message 311: From John.Pope@Eng.Sun.COM Thu Jun 29 11:23 PDT 1995
Message 312: From mcapucci@basilisk  Fri Jun 30 11:28:02 1995
Message 313: From leo@iapp14.mcom.com  Wed Jul  5 12:09:13 1995
Message 314: From jamison@hobbes  Thu Jul  6 14:45:50 1995
Message 315: From leo@iapp14.mcom.com  Fri Jul  7 09:59:27 1995
Message 316: From isaacs@sourdough  Wed Jul 12 16:57:04 1995
Message 317: From mjb@icestation  Tue Jul 18 14:34:03 1995
Message 318: From leo@iapp14.mcom.com  Tue Jul 18 11:32:53 1995
Message 319: From John.Pope@Eng.Sun.COM Tue Jul 18 01:20 PDT 1995
Message 320: From leo@iapp14.mcom.com  Tue Jul 18 11:51:54 1995
Message 321: From John.Pope@Eng.Sun.COM Tue Jul 18 11:22 PDT 1995
Message 322: From rja@batcomfs  Fri Jul 21 14:06:04 1995
Message 323: From toone@looney  Tue Jul 25 15:42:52 1995
Message 324: From melissab@melby Tue Jul 25 15:22 PDT 1995
Message 325: From leo@iapp14.mcom.com  Tue Aug  1 10:17:31 1995
Message 326: From John.Pope@Eng.Sun.COM Tue Aug  1 09:58 PDT 1995
Message 327: From jamison@hobbes  Thu Aug  3 13:28:11 1995
Message 328: From bfreeman@bungi  Thu Aug  3 13:16:09 1995
Message 329: From jamison@hobbes  Fri Aug 11 16:12:04 1995
Message 330: From jamison@hobbes  Mon Aug 21 13:10:36 1995
Message 331: From jamison@hobbes  Mon Aug 21 13:13:01 1995
Message 332: From hala@pharaoh.sphinx.com  Fri Aug 25 11:53:39 1995
Message 333: From dougr@pitts  Mon Aug 14 13:54:20 1995
Message 334: From dmurphy@cera  Mon Jul 31 18:28:00 1995
Message 335: From bfreeman@bungi  Wed Jul 26 09:51:30 1995
Message 336: From jamison@hobbes  Wed Aug 30 12:02:26 1995
Message 337: From hala@pharaoh.sphinx.com  Tue Sep 12 06:12:43 1995
Message 338: From mjb@icestation  Mon Sep 11 22:54:46 1995
Message 339: From rspratt@dahlgren Mon Sep 11 13:49 PDT 1995
Message 340: From leo@iapp14.mcom.com  Fri Sep  8 09:35:40 1995
Message 341: From mholst@iapp11 Fri Sep  8 08:01 PDT 1995
Message 342: From jamison@hobbes  Tue Sep  5 15:47:12 1995
Message 343: From rfm@urth  Tue Sep 12 15:10:46 1995
Message 344: From brentb@montagne  Thu Sep 14 17:23:26 1995
Message 345: From jamison@hobbes  Fri Sep 22 13:44:10 1995
Message 346: From dougr  Mon Sep 25 19:37:00 1995
Message 347: From leo@iapp14.mcom.com  Wed Oct  4 15:09:51 1995
Message 348: From John.Pope@Eng.Sun.COM Wed Oct  4 11:14 PDT 1995
Message 349: From leo@iapp14.mcom.com  Mon Oct  9 19:31:30 1995
Message 350: From John.Pope@Eng.Sun.COM Mon Oct  9 18:07 PDT 1995
Message 351: From 70374.1114@compuserve.com  Wed Oct 11 10:59:03 1995
Message 352: From leo@iapp14.mcom.com  Thu Oct 12 12:34:41 1995
Message 353: From John.Pope@Eng.Sun.COM Thu Oct 12 11:31 PDT 1995
Message 354: From dougr@pitts  Thu Oct 12 13:06:00 1995
Message 355: From leo@iapp14.mcom.com  Thu Oct 12 12:30:40 1995
Message 356: From John.Pope@Eng.Sun.COM Thu Oct 12 11:32 PDT 1995
Message 357: From katin@amorphous.com  Wed Nov  1 23:39:50 1995
Message 358: From jamison@hobbes  Wed Nov  8 14:45:37 1995
Message 359: From katin@amorphous.com  Fri Nov 10 08:16:33 1995
Message 360: From holtz@netcord  Fri Nov 17 10:49:59 1995
Message 361: From richb@stard  Tue Nov 21 11:31:35 1995
Message 362: From keith@cc.gatech.edu Tue Nov 21 08:57 PST 1995
Message 363: From 70374.1114@compuserve.com  Tue Nov 21 22:56:06 1995
Message 364: From Doug.Royer@Eng Sun Feb  5 18:08:50 1995
Message 365: From mouse@Collatz.McRCIM.McGill.EDUø Mon Feb  6 05:54:11 1995
Message 366: From leo@iapp14.mcom.com  Fri Jun 23 14:50:41 1995
Message 367: From John.Pope@Eng.Sun.COM Fri Jun 23 13:58 PDT 1995
Message 368: From dougr@pitts  Fri Jun 30 11:30:28 1995
Message 369: From leo@iapp14.mcom.com  Tue Jul 11 13:07:12 1995
Message 370: From owner-this-is-true@netcom.com  Tue Aug 29 04:22:43 1995
Message 371: From leo@iapp14.mcom.com  Tue Oct 24 15:35:40 1995
Message 372: From John.Pope@Eng.Sun.COM Tue Oct 24 13:38 PDT 1995
Message 373: From leo@iapp14.mcom.com  Fri Nov  3 01:44:29 1995
Message 374: From John.Pope@Eng.Sun.COM Mon Oct  9 18:07 PDT 1995
Message 375: From jamison@hobbes  Wed Nov 29 15:15:57 1995
Message 376: From jamison@hobbes  Fri Dec  1 10:39:00 1995
Message 377: From jamison@hobbes  Wed Dec  6 17:29:11 1995
Message 378: From dipol@sidewinder  Thu Dec  7 14:34:21 1995
Message 379: From hagan@earthrise Tue Dec  7 13:53 PST 1993
Message 380: From Saul.Wold@Eng  Thu Dec 14 09:51:43 1995
Message 381: From andrewm@splash.net  Fri Jan 12 11:45:55 1996
Message 382: From jamison@hobbes  Thu Jan 18 16:49:32 1996
Message 383: From richb@stard  Tue Jan  9 22:03:56 1996
Message 384: From eric@logrus.activesw.com  Tue Jan  9 11:14:40 1996
Message 385: From jamison@hobbes  Tue Jan 23 11:33:43 1996
Message 386: From David.Weaver@Eng  Wed Jan 24 14:29:45 1996
Message 387: From bfreeman@bungi  Thu Jan 25 10:29:44 1996
Message 388: From mblake@frogtown.com Thu Jan 25 08:47 PST 1996
Message 389: From jamison@hobbes  Mon Jan 29 16:36:56 1996
Message 390: From richb@stard  Tue Feb  6 09:40:02 1996
Message 391: From jamison@hobbes  Tue Feb  6 14:45:58 1996
Message 392: From jamison@hobbes  Wed Feb 14 13:00:12 1996
Message 393: From FunnyBone-request@inslab.uky.edu  Wed Feb 14 02:44:55 1996
Message 394: From jamison@hobbes  Thu Feb 15 17:57:49 1996
Message 395: From jamison@hobbes  Tue Feb 20 18:34:15 1996
Message 396: From jps@dutch  Wed Dec  6 10:09:52 1995
Message 397: From gsalem@dahlgren  Fri Feb 23 17:44:24 1996
Message 398: From mjb@icestation  Mon Mar  4 18:45:14 1996
Message 399: From jamison@hobbes  Mon Mar 25 12:05:58 1996
Message 400: From trouble@brewing.Sun.COM  Mon Apr  1 08:06:33 1996
Message 401: From mcneally@kickbutt  Mon Apr  1 18:29:37 1996
Message 402: From lau@beasys.com  Wed Apr  3 16:48:31 1996
Message 403: From rja@batcomfs  Tue Apr  9 10:47:14 1996
Message 404: From rja@batcomfs  Tue Apr  9 17:35:44 1996
Message 405: From jamison@hobbes  Fri Apr 12 15:02:07 1996
Message 406: From jamison@hobbes  Fri Apr 12 15:10:47 1996
Message 407: From kateh@dahlgren  Thu Apr 18 13:50:03 1996
Message 408: From 70374.1114@CompuServe.COM  Tue Apr 23 09:28:43 1996
Message 409: From Arthur.Taber@WellsFargo.COM Thu Apr 18 11:34:41 1996
Message 410: From jamison@hobbes  Wed Apr 24 15:54:50 1996
Message 411: From jamison@hobbes  Wed Apr 24 15:39:40 1996
Message 412: From toone@looney  Thu Apr 25 16:05:06 1996
Message 413: From sanjayd@kindra-78 Thu Apr 25 15:52:32 1996
Message 414: From leo@iapp14.mcom.com  Mon Dec 18 20:23:26 1995
Message 415: From John.Pope@Eng.Sun.COM Mon Dec 18 10:09 PST 1995
Message 416: From leo@iapp14.mcom.com  Wed Feb 21 10:15:43 1996
Message 417: From John.Pope@Eng.Sun.COM Wed Feb 21 09:47 PST 1996
Message 418: From leo@iapp14.mcom.com  Mon Feb 12 17:55:20 1996
Message 419: From John.Pope@Eng.Sun.COM Mon Feb 12 17:46 PST 1996
Message 420: From leo@iapp14.mcom.com  Thu Dec  7 11:23:48 1995
Message 421: From John.Pope@Eng.Sun.COM Thu Dec  7 11:13 PST 1995
Message 422: From owner-dilbert_list@InterNex.NET  Sun Mar  3 01:10:27 1996
Message 423: From owner-dilbert_list@InterNex.NET  Mon Apr 22 17:45:16 1996
Message 424: From owner-dilbert-list@InterNex.NET  Sun Dec 10 08:21:43 1995
Message 425: From owner-this-is-true@netcom.com  Sat Feb 17 02:15:08 1996
Message 426: From owner-this-is-true@netcom.com  Sat Feb 24 00:43:23 1996
Message 427: From owner-this-is-true@netcom.com  Sat Mar  2 00:54:10 1996
Message 428: From owner-this-is-true@netcom.com  Fri Mar  8 23:40:01 1996
Message 429: From owner-this-is-true@netcom.com  Sat Feb 10 02:58:39 1996
Message 430: From bfreeman@bungi  Tue Apr 30 14:20:35 1996
Message 431: From rja@batcomfs  Wed May  1 15:40:44 1996
Message 432: From toone@looney  Thu May  2 13:35:19 1996
Message 433: From jamison@hobbes  Mon May  6 17:42:57 1996
Message 434: From jimp@la.nateng.com  Tue May 14 11:24:26 1996
Message 435: From jamison@hobbes  Wed May 15 11:17:56 1996
Message 436: From kmorgan@wusnext  Tue Jun  4 18:23:29 1996
Message 437: From Joan.Bailey@Corp  Thu Jun  6 10:53:40 1996
Message 438: From jamison@hobbes  Mon Jun 10 18:32:56 1996
Message 439: From mjb@icestation  Tue Jun 11 14:40:33 1996
Message 440: From toga@saki  Fri Jul 12 14:20:29 1996
Message 441: From toone@looney  Fri Jul 19 11:49:31 1996
Message 442: From mjb@icestation  Wed Jul 24 14:19:04 1996
Message 443: From jamison@hobbes  Fri Jul 26 17:43:00 1996
Message 444: From mjb@icestation  Thu Jul 11 17:13:17 1996
Message 445: From dougr@pitts  Wed Jun 12 20:02:35 1996
Message 446: From jamison@hobbes  Wed Jul 31 16:31:05 1996
Message 447: From dougr  Mon Jul 29 15:36:13 1996
Message 448: From toone@looney  Thu Jun 27 11:25:25 1996
Message 449: From smarks@trantor  Thu Jun 27 11:39:08 1996
Message 450: From jwilliams@edm.net  Thu May 16 10:32:03 1996
Message 451: From jamison@hobbes  Mon Aug  5 17:50:30 1996
Message 452: From kmorgan@rocks  Mon Aug  5 18:28:57 1996
Message 453: From toone@looney  Fri Dec  1 13:37:29 1995
Message 454: From holtz@netcord  Mon Aug 12 10:58:00 1996
Message 455: From jamison@hobbes  Mon Aug 12 11:29:36 1996
Message 456: From mjb@icestation  Thu Aug  8 18:08:53 1996
Message 457: From Nancy.Ramirez@Ebay  Tue Aug 13 13:05:29 1996
Message 458: From williams@RedBrick.COM Tue Aug 13 13:02 PDT 1996
Message 459: From lau@vision.beasys.com  Fri Aug 16 14:41:09 1996
Message 460: From dougr  Thu Aug 15 15:58:23 1996
Message 461: From mjb@icestation  Fri Sep  6 08:32:04 1996
Message 462: From jamison@hobbes  Thu Sep 12 14:18:46 1996
Message 463: From rja@batcomfs  Wed Feb  7 13:28:56 1996
Message 464: From dlp@thesphere.com  Wed Sep 25 22:07:11 1996
Message 465: From dougr  Mon Oct  7 13:09:08 1996
Message 466: From mjb@doppio  Wed Oct  9 16:46:54 1996
Message 467: From SYSTEM@santa.asf.alaska.edu Wed Oct  9 15:45:20 1996
Message 468: From zittin@sculpin  Wed Oct  9 11:05:13 1996
Message 469: From jamison@doppio  Fri Oct 11 19:56:00 1996
Message 470: From kmorgan@rocks  Tue Oct 15 18:56:59 1996
Message 471: From kmorgan@rocks  Tue Oct 15 18:53:53 1996
Message 472: From mjb@icestation  Thu Oct 24 18:04:23 1996
Message 473: From vickyc@mamacita-178  Fri Nov  8 13:06:37 1996
Message 474: From arcie@netcom.com  Fri Nov 22 21:36:38 1996
Message 475: From am@nobozo.CS.Berkeley.EDU  Wed Nov 27 14:35:18 1996
Message 476: From btaylor@aiweb.com Wed Nov 27 14:14:41 1996
Message 477: From vickyc@mamacita-178  Mon Dec  9 16:29:46 1996
Message 478: From jamison@hobbes  Wed Dec 11 18:53:40 1996
Message 479: From dougr  Mon Jan  6 16:33:26 1997
Message 480: From dougr@pitts  Mon Jan  6 16:35:07 1997
Message 481: From dougr  Mon Jan  6 17:21:32 1997
Message 482: From arcie@netcom.com  Fri Jan 24 23:03:58 1997
Message 483: From dogbert@dogbert.com  Wed Jan 29 12:36:58 1997
Message 484: From mjb@icestation  Wed Feb 12 14:40:20 1997
Message 485: From jamison@hobbes  Tue Feb 11 18:03:00 1997
Message 486: From kmorgan@rocks  Thu Feb 13 18:35:50 1997
Message 487: From jamison@hobbes  Fri Feb 21 18:37:01 1997
Message 488: From wvfc-members-owner@GreatCircle.COM  Tue Feb 25 14:27:30 1997
Message 489: From howes@gorka  Wed Feb 26 14:12:41 1997
Message 490: From kmorgan@rocks  Wed Feb 26 15:28:26 1997
Message 491: From hagan@earthrise Tue Dec  7 13:53 PST 1993
Message 492: From toga@saki  Fri Mar  7 13:54:34 1997
Message 493: From owner-wvfc-members-outgoing@GreatCircle.COM  Mon Mar 17 16:13:47 1997
Message 494: From dougr@basilisk  Mon Mar 17 16:26:47 1997
Message 495: From kmorgan@rocks  Mon Mar 17 17:37:19 1997
Message 496: From exodus@x-files  Thu Mar 20 12:57:04 1997
Message 497: From dougr@sun  Fri Mar 21 15:06:38 1997
Message 498: From Kevin_R._Pierce@cgcfin.com  Fri Mar 21 16:50:21 1997
Message 499: From mjb@icestation.eng  Fri Mar 21 16:09:38 1997
Message 500: From mjb@icestation.eng  Wed Mar 26 23:34:45 1997
Message 501: From smarks@trantor  Fri Mar 28 17:03:10 1997
Message 502: From jsc@kontiki  Tue Apr  1 16:11:37 1997
Message 503: From jamison@hobbes  Mon Apr  7 19:14:38 1997
Message 504: From David.Weaver@Eng  Wed Apr  9 09:30:34 1997
Message 505: From mjb@icestation.eng  Wed Apr  9 16:21:32 1997
Message 506: From jamison@hobbes  Wed Apr  9 17:15:57 1997
Message 507: From smarks@trantor  Wed Apr  9 20:51:50 1997
Message 508: From David.Weaver@Eng  Mon Apr  7 10:03:39 1997
Message 509: From Kevin_R._Pierce@cgcfin.com  Mon Apr  7 15:59:49 1997
Message 510: From andrewm@splash.net  Mon Apr 14 20:03:03 1997
Message 511: From owner-wvfc-members-outgoing@GreatCircle.COM  Mon Apr 14 22:28:13 1997
